fname,fext,height,width
ECO-U1-Q7-01,jpg,579,810
ECO-U1-Q8-01,jpg,549,810
ECO-U10-Q10-01,jpg,690,810
ECO-U10-Q3-01,jpg,619,810
ECO-U10-Q4-01,jpg,708,810
ECO-U10-Q5-01,jpg,692,810
ECO-U10-Q6-01,jpg,769,810
ECO-U10-Q7-01,jpg,675,810
ECO-U10-Q9-01,png,204,505
ECO-U11-Q1-01,jpg,473,810
ECO-U11-Q10-01,jpg,650,810
ECO-U11-Q2-01,jpg,386,810
ECO-U11-Q3-01,jpg,513,810
ECO-U11-Q5-01,png,204,299
ECO-U11-Q9-01,jpg,771,810
ECO-U12-Q2-01,jpg,447,810
ECO-U12-Q4-01,jpg,447,810
ECO-U13-Q1-01,jpg,492,810
ECO-U13-Q2-01,jpeg,457,809
ECO-U13-Q5-01,jpg,442,810
ECO-U13-Q6-01,jpg,756,810
ECO-U13-Q7-01,jpg,408,809
ECO-U14-Q1-01,jpg,405,809
ECO-U14-Q10-01,jpg,965,810
ECO-U14-Q2-01,jpg,508,810
ECO-U14-Q4-01,jpg,835,810
ECO-U14-Q5-01,jpg,527,810
ECO-U14-Q6-01,png,95,548
ECO-U14-Q9-01,jpg,557,809
ECO-U15-Q1-01,png,146,320
ECO-U15-Q10-01,jpg,525,810
ECO-U15-Q2-01,png,87,471
ECO-U15-Q3-01,jpg,573,810
ECO-U15-Q4-01,jpg,573,810
ECO-U15-Q5-01,jpg,1083,810
ECO-U15-Q6-01,jpg,783,810
ECO-U15-Q7-01,jpg,813,810
ECO-U15-Q9-01,png,87,313
ECO-U16-Q1-01,jpg,604,810
ECO-U16-Q10-01,jpg,463,810
ECO-U16-Q11-01,jpg,447,810
ECO-U16-Q2-01,jpg,490,810
ECO-U16-Q3-01,jpg,506,810
ECO-U16-Q4-01,jpg,445,810
ECO-U16-Q7-01,jpg,524,810
ECO-U16-Q9-01,jpg,428,810
ECO-U17-Q1-01,jpg,480,810
ECO-U17-Q10-01,jpg,450,810
ECO-U17-Q11-01,jpg,582,810
ECO-U17-Q2-01,jpg,481,810
ECO-U17-Q4-01,jpg,609,810
ECO-U17-Q5-01,jpg,446,810
ECO-U17-Q6-01,jpg,609,810
ECO-U17-Q7-01,jpg,609,810
ECO-U17-Q8-01,jpg,577,810
ECO-U17-Q9-01,jpg,493,809
ECO-U18-Q1-01,jpg,439,810
ECO-U18-Q2-01,jpg,489,809
ECO-U18-Q4-01,jpg,448,810
ECO-U18-Q5-01,jpg,544,810
ECO-U18-Q6-01,jpg,544,810
ECO-U18-Q7-01,jpg,531,809
ECO-U18-Q8-01,jpg,928,810
ECO-U18-Q9-01,jpg,615,810
ECO-U19-Q1-01,jpg,476,810
ECO-U19-Q3-01,jpg,438,809
ECO-U19-Q4-01,jpg,441,809
ECO-U19-Q5-01,jpg,538,810
ECO-U2-Q1-01,jpg,530,810
ECO-U2-Q3-01,png,693,584
ECO-U2-Q4-01,png,699,643
ECO-U2-Q5-01,jpg,434,810
ECO-U2-Q6-01,jpg,442,810
ECO-U2-Q7-01,jpg,868,810
ECO-U2-Q8-01,jpg,426,810
ECO-U20-Q1-01,jpg,525,810
ECO-U20-Q10-01,png,175,490
ECO-U20-Q11-01,jpg,646,810
ECO-U20-Q2-01,png,202,962
ECO-U20-Q3-01,jpg,465,810
ECO-U20-Q4-01,jpg,627,810
ECO-U20-Q5-01,jpg,525,810
ECO-U20-Q6-01,jpg,562,810
ECO-U20-Q8-01,jpg,501,810
ECO-U20-Q9-01,jpg,511,810
ECO-U21-Q3-01,png,390,749
ECO-U21-Q4-01,jpg,637,810
ECO-U21-Q5-01,jpg,493,810
ECO-U21-Q7-01,jpg,573,810
ECO-U21-Q8-01,jpg,398,810
ECO-U22-Q1-01,jpg,462,810
ECO-U22-Q2-01,jpg,462,810
ECO-U22-Q3-01,jpg,755,810
ECO-U22-Q4-01,jpg,530,810
ECO-U3-Q10-01,png,747,915
ECO-U3-Q11-01,jpg,567,810
ECO-U3-Q2-01,jpg,411,810
ECO-U3-Q3-01,png,687,1222
ECO-U3-Q4-01,png,731,681
ECO-U3-Q8-01,jpg,626,810
ECO-U3-Q9-01,jpg,456,809
ECO-U3-Q9-02,jpg,455,810
ECO-U4-Q10-01,jpg,422,810
ECO-U4-Q11-01,png,90,592
ECO-U4-Q12-01,png,120,333
ECO-U4-Q2-01,png,108,410
ECO-U4-Q3-01,png,128,388
ECO-U4-Q4-01,jpg,411,810
ECO-U4-Q5-01,jpg,411,810
ECO-U4-Q8-01,jpg,456,810
ECO-U5-Q10-01,jpg,487,810
ECO-U5-Q2-01,jpg,439,810
ECO-U5-Q3-01,jpg,479,810
ECO-U5-Q4-01,jpg,814,810
ECO-U5-Q5-01,jpg,479,810
ECO-U5-Q6-01,jpg,487,810
ECO-U5-Q7-01,jpg,437,810
ECO-U5-Q8-01,jpg,437,810
ECO-U5-Q9-01,jpg,436,810
ECO-U6-Q6-01,jpg,427,810
ECO-U6-Q7-01,jpg,458,810
ECO-U7-Q12-01,jpg,361,810
ECO-U7-Q15-01,jpg,528,810
ECO-U7-Q3-01,png,60,491
ECO-U7-Q7-01,jpg,515,810
ECO-U7-Q8-01,jpg,493,810
ECO-U7-Q9-01,jpg,521,810
ECO-U8-Q1-01,jpg,442,810
ECO-U8-Q10-01,jpg,478,810
ECO-U8-Q11-01,jpg,535,810
ECO-U8-Q2-01,jpg,441,809
ECO-U8-Q3-01,jpg,535,810
ECO-U8-Q4-01,jpg,387,810
ECO-U8-Q5-01,jpg,515,810
ECO-U8-Q7-01,jpg,515,810
ECO-U8-Q9-01,jpg,599,810
ECO-U9-Q11-01,jpg,532,810
ECO-U9-Q3-01,jpg,1127,810
ECO-U9-Q4-01,jpg,500,810
ECO-U9-Q5-01,jpg,413,810
ECO-U9-Q6-01,jpg,440,810
ECO-U9-Q8-01,jpg,405,809
ECO-U9-Q9-01,jpg,349,810
OUP-U1-Q1-01,png,67,505
OUP-U1-Q10-01,png,612,967
OUP-U1-Q10-02,png,453,721
OUP-U1-Q11-01,jpg,481,1299
OUP-U1-Q19-01,png,691,1403
OUP-U1-Q2-01,png,254,495
OUP-U1-Q2-02,png,260,486
OUP-U1-Q20-01,png,933,1502
OUP-U1-Q22-01,png,172,759
OUP-U1-Q24-01,png,207,768
OUP-U1-Q4-01,png,82,568
OUP-U1-Q8-01,png,115,567
OUP-U1-Q9-01,png,636,955
OUP-U10-Q10-01,png,264,335
OUP-U10-Q12-01,png,263,359
OUP-U10-Q13-01,png,268,353
OUP-U10-Q14-01,png,300,382
OUP-U10-Q15-01,png,247,316
OUP-U10-Q16-01,png,266,376
OUP-U10-Q18-01,png,58,416
OUP-U10-Q23-01,png,132,411
OUP-U10-Q25-01,png,243,278
OUP-U10-Q4-01,png,280,367
OUP-U10-Q6-01,png,258,348
OUP-U10-Q7-01,png,240,310
OUP-U10-Q8-01,png,501,612
OUP-U10-Q9-01,png,266,356
OUP-U11-Q1-01,png,286,384
OUP-U11-Q11-01,png,245,326
OUP-U11-Q12-01,png,266,372
OUP-U11-Q13-01,png,273,357
OUP-U11-Q19-01,png,247,302
OUP-U11-Q2-01,png,277,371
OUP-U11-Q20-01,png,261,347
OUP-U11-Q21-01,png,280,361
OUP-U11-Q22-01,jpg,720,960
OUP-U11-Q23-01,png,275,359
OUP-U11-Q24-01,png,262,360
OUP-U11-Q3-01,png,255,359
OUP-U11-Q4-01,png,281,369
OUP-U11-Q5-01,png,275,382
OUP-U11-Q5-02,png,274,371
OUP-U11-Q6-01,png,334,457
OUP-U11-Q9-01,png,301,410
OUP-U12-Q12-01,png,382,483
OUP-U12-Q13-01,png,310,528
OUP-U12-Q5-01,png,310,397
OUP-U12-Q9-01,png,266,448
OUP-U13-Q04-01,png,255,420
OUP-U13-Q05-01,png,218,420
OUP-U13-Q16-01,jpg,369,810
OUP-U13-Q4-01,png,448,738
OUP-U13-Q5-01,png,408,738
OUP-U13-Q7-01,jpg,773,810
OUP-U14-Q10-01,jpg,508,810
OUP-U14-Q15-01,jpg,527,810
OUP-U14-Q2-01,jpg,1153,1300
OUP-U15-Q11-01,jpg,538,810
OUP-U15-Q15-01,jpg,651,810
OUP-U15-Q17-01,jpg,612,810
OUP-U15-Q19-01,jpg,813,810
OUP-U16-Q20-01,jpg,428,810
OUP-U16-Q22-01,jpg,467,810
OUP-U16-Q3-01,jpg,699,810
OUP-U17-Q10-01,jpg,634,810
OUP-U17-Q11-01,png,76,409
OUP-U17-Q16-01,png,422,546
OUP-U17-Q18-01,jpg,446,810
OUP-U17-Q2-01,jpg,895,810
OUP-U17-Q4-01,png,270,509
OUP-U17-Q5-01,png,412,581
OUP-U17-Q6-01,jpg,541,810
OUP-U17-Q9-01,png,256,305
OUP-U19-Q11-01,jpg,709,1300
OUP-U19-Q12-01,jpg,430,810
OUP-U19-Q15-01,png,1182,1290
OUP-U19-Q15-02,jpg,218,810
OUP-U19-Q19-01,jpg,438,809
OUP-U19-Q24-01,jpg,719,1299
OUP-U19-Q4-01,jpg,956,1299
OUP-U19-Q5-02,jpg,927,1299
OUP-U19-Q6-01,jpg,469,810
OUP-U19-Q9-01,jpg,441,809
OUP-U2-Q11-01,png,402,493
OUP-U2-Q15-01,png,375,489
OUP-U2-Q17-01,png,63,726
OUP-U2-Q18-01,png,336,461
OUP-U2-Q2-01,png,374,553
OUP-U2-Q21-01,png,415,545
OUP-U2-Q22-01,png,407,617
OUP-U2-Q23-01,png,424,610
OUP-U2-Q24-01,png,245,540
OUP-U2-Q24-02,png,296,477
OUP-U2-Q6-01,png,91,731
OUP-U2-Q8-01,png,372,489
OUP-U20-Q1-01,jpg,523,810
OUP-U20-Q11-01,jpg,663,810
OUP-U20-Q18-01,jpg,933,810
OUP-U20-Q19-01,jpg,445,810
OUP-U20-Q20-01,png,99,342
OUP-U20-Q22-01,jpg,646,810
OUP-U20-Q23-01,jpg,439,810
OUP-U20-Q5-01,png,304,358
OUP-U20-Q7-01,jpg,465,810
OUP-U20-Q9-01,jpg,632,810
OUP-U21-Q12-01,png,254,308
OUP-U21-Q16-01,jpg,514,809
OUP-U21-Q18-01,jpg,493,810
OUP-U21-Q22-01,png,668,845
OUP-U21-Q8-01,jpg,743,1300
OUP-U22-Q10-01,jpg,741,1299
OUP-U22-Q13-01,jpg,741,1299
OUP-U22-Q17-01,jpg,952,1299
OUP-U22-Q3-01,png,226,925
OUP-U22-Q9-01,jpg,741,1299
OUP-U3-Q10-01,png,226,289
OUP-U3-Q12-01,png,280,366
OUP-U3-Q15-01,png,316,336
OUP-U3-Q17-01,png,254,318
OUP-U3-Q18-01,png,353,327
OUP-U3-Q19-01,png,242,319
OUP-U3-Q21-01,png,265,335
OUP-U3-Q22-01,png,282,365
OUP-U3-Q25-01,png,122,533
OUP-U3-Q25-02,png,256,362
OUP-U3-Q3-01,png,262,414
OUP-U3-Q4-01,png,309,418
OUP-U3-Q5-01,png,100,410
OUP-U3-Q6-01,png,592,777
OUP-U3-Q8-01,png,83,471
OUP-U3-Q9-01,png,306,309
OUP-U4-Q11-01,png,284,357
OUP-U4-Q12-01,png,85,291
OUP-U4-Q16-01,png,321,560
OUP-U4-Q18-01,png,247,347
OUP-U4-Q20-01,png,180,597
OUP-U4-Q21-01,png,282,458
OUP-U4-Q25-01,png,78,318
OUP-U4-Q4-01,png,81,296
OUP-U4-Q5-01,png,76,295
OUP-U4-Q8-01,jpg,905,1280
OUP-U5-Q12-01,png,309,417
OUP-U5-Q14-01,png,279,358
OUP-U5-Q15-01,png,312,384
OUP-U5-Q17-01,png,299,380
OUP-U5-Q18-01,png,303,390
OUP-U5-Q20-01,png,297,400
OUP-U5-Q22-01,png,280,351
OUP-U5-Q23-01,png,251,321
OUP-U5-Q4-01,png,100,375
OUP-U5-Q7-01,png,302,419
OUP-U5-Q8-01,png,283,424
OUP-U5-Q9-01,png,294,342
OUP-U6-Q11-01,png,229,277
OUP-U6-Q14-01,png,257,362
OUP-U6-Q15-01,png,245,345
OUP-U7-Q1-01,png,231,325
OUP-U7-Q13-01,png,271,353
OUP-U7-Q14-01,png,98,477
OUP-U7-Q15-01,png,226,351
OUP-U7-Q16-01,png,260,371
OUP-U7-Q17-01,png,268,378
OUP-U7-Q21-01,png,243,348
OUP-U7-Q22-01,png,286,398
OUP-U7-Q4-01,png,277,369
OUP-U7-Q5-01,png,279,378
OUP-U7-Q8-01,png,119,1318
OUP-U8-Q12-01,png,259,337
OUP-U8-Q13-01,png,333,280
OUP-U8-Q13-02,png,215,460
OUP-U8-Q14-01,png,236,332
OUP-U8-Q15-01,png,291,385
OUP-U8-Q16-01,png,276,372
OUP-U8-Q17-01,png,398,372
OUP-U8-Q17-02,png,196,373
OUP-U8-Q18-01,png,274,355
OUP-U8-Q20-01,png,310,396
OUP-U8-Q24-01,png,308,465
OUP-U8-Q4-01,png,268,361
OUP-U8-Q6-01,png,292,367
OUP-U8-Q8-01,png,302,585
OUP-U8-Q9-01,png,305,416
OUP-U9-Q11-01,png,263,367
OUP-U9-Q13-01,png,264,370
OUP-U9-Q14-01,png,302,408
OUP-U9-Q16-01,png,311,393
OUP-U9-Q17-01,png,278,395
OUP-U9-Q19-01,png,290,383
OUP-U9-Q19-02,png,271,363
OUP-U9-Q21-01,png,290,378
OUP-U9-Q22-01,png,322,406
OUP-U9-Q24-01,png,288,411
OUP-U9-Q3-01,png,323,406
OUP-U9-Q4-01,png,354,365
OUP-U9-Q6-01,png,309,396
OUP-U9-Q8-01,png,268,379
TEA-U1-Q1-01,png,222,654
TEA-U10-Q1-01,png,572,750
TEA-U10-Q2-01,png,460,697
TEA-U10-Q3-01,png,554,727
TEA-U10-Q4-01,png,620,708
TEA-U10-Q5-01,png,629,739
TEA-U10-Q6-01,png,499,708
TEA-U11-Q2-01,png,404,647
TEA-U11-Q4-01,png,404,647
TEA-U12-Q1-01,png,391,710
TEA-U14-Q1-01,png,424,681
TEA-U15-Q3-01,png,472,729
TEA-U16-Q1-01,png,412,722
TEA-U16-Q2-01,png,400,733
TEA-U16-Q3-01,png,543,727
TEA-U17-Q3-01,png,550,729
TEA-U18-Q2-01,png,456,708
TEA-U19-Q1-01,png,487,735
TEA-U19-Q3-01,png,535,618
TEA-U2-Q2-01,png,216,631
TEA-U2-Q2-02,png,422,670
TEA-U2-Q3-01,png,377,693
TEA-U2-Q4-01,png,635,577
TEA-U20-Q2-01,png,612,650
TEA-U20-Q3-01,png,591,722
TEA-U20-Q5-01,png,208,668
TEA-U21-Q3-01,png,422,747
TEA-U21-Q4-01,png,447,706
TEA-U21-Q6-01,png,227,697
TEA-U21-Q7-01,png,711,887
TEA-U22-Q2-01,jpg,462,810
TEA-U3-Q6-01,png,135,568
TEA-U3-Q6-02,png,393,722
TEA-U3-Q9-01,png,364,679
TEA-U4-Q2-01,png,548,488
TEA-U4-Q2-02,png,412,550
TEA-U4-Q5-01,png,533,531
TEA-U5-Q1-01,png,297,297
TEA-U5-Q1-02,png,368,718
TEA-U5-Q2-01,png,675,650
TEA-U5-Q3-01,png,437,739
TEA-U5-Q4-01,png,558,645
TEA-U5-Q5-01,png,439,708
TEA-U5-Q6-01,png,520,864
TEA-U6-Q4-01,png,375,810
TEA-U7-Q1-01,png,622,637
TEA-U7-Q3-01,png,116,1062
TEA-U7-Q5-01,png,437,685
TEA-U7-Q6-01,png,89,733
TEA-U8-Q2-01,png,447,706
TEA-U8-Q3-01,png,495,670
TEA-U9-Q1-01,png,141,968
TEA-U9-Q4-01,png,393,720
TEA-U9-Q5-01,jpg,560,810
UCL-J15-Q15-01,png,110,825
UCL-J16-Q1-01,jpg,905,1300
UCL-J16-Q10-01,png,389,514
UCL-J16-Q11-01,png,47,552
UCL-J16-Q13-01,png,326,385
UCL-J16-Q15-01,png,348,459
UCL-J16-Q3-01,png,327,434
UCL-J16-Q7-01,png,112,518
UCL-J16-Q7-02,png,558,566
UCL-J16-Q8-01,png,296,368
UCL-J17-Q5-01,png,306,866
UCL-J17-Q9-01,jpg,720,960
UCL-J18-Q10-01,png,313,536
UCL-J18-Q14-01,png,414,540
UCL-J18-Q15-01,png,322,380
UCL-J18-Q3-01,png,338,526
UCL-J18-Q5-01,png,287,354
UCL-J18-Q8-01,png,383,492
UCL-S15-Q1-01,png,273,439
UCL-S16-Q1-01,png,103,405
UCL-S16-Q15-01,png,312,569
UCL-S16-Q2-01,png,341,1004
UCL-S16-Q6-01,png,288,351
UCL-S16-Q8-01,png,463,552
UCL-S17-Q11,jpg,619,810
UCL-S17-Q17-01,png,128,414
UCL-S17-Q20-01,png,376,406
UCL-S17-Q7-01,png,147,942
UCL-S17-Q8-01,png,59,618
UCL-S17-Q9-01,png,66,343
UCL-S18-Q13-01,png,286,465
UCL-S18-Q4-01,png,232,427
UCL-S18-Q8-01,png,453,481
UCL-S18-Q9-01,png,319,557
